{
    "evaluation_date": "2025-11-18 00:59:49",
    "model_path": "C:\\Users\\Asus\\Documents\\Feto-Scan\\Trained_models\\True_DAG_VNet_savedmodel",
    "test_samples": 200,
    "metrics": {
        "dice": {
            "mean": 0.7706340959647902,
            "std": 0.12432996855136758,
            "min": 0.2922729327025634,
            "max": 0.9595564795576007,
            "median": 0.7982595807679915
        },
        "iou": {
            "mean": 0.6417801500692031,
            "std": 0.14897123472683682,
            "min": 0.1711473328127039,
            "max": 0.9222571535182897,
            "median": 0.6642531960475861
        },
        "accuracy": {
            "mean": 0.8727079010009766,
            "std": 0.05404600240809431,
            "min": 0.751495361328125,
            "max": 0.9777374267578125,
            "median": 0.8781661987304688
        },
        "precision": {
            "mean": 0.82821601418498,
            "std": 0.21397183286148208,
            "min": 0.17114733275978264,
            "max": 0.9999999999483044,
            "median": 0.9191464674631494
        },
        "recall": {
            "mean": 0.7807965976878992,
            "std": 0.1341336342289027,
            "min": 0.5328852293553055,
            "max": 0.9999999999206979,
            "median": 0.7858291393601928
        },
        "f1": {
            "mean": 0.7706336198567076,
            "std": 0.12432993665859568,
            "min": 0.2922726830831827,
            "max": 0.9595559795037119,
            "median": 0.7982590920693251
        },
        "circumference_pred": {
            "mean": 591.6115280608972,
            "std": 18.54317217766377,
            "min": 537.2548339959391,
            "max": 652.953318805774,
            "median": 593.0538238691624
        },
        "circumference_true": {
            "mean": 522.426187259713,
            "std": 103.74941005307907,
            "min": 218.99494936611666,
            "max": 695.0681092190351,
            "median": 537.6295090390227
        }
    },
    "circumference": {
        "mae": 93.04641133149627,
        "mae_percent": 22.788156929348116,
        "std": 82.73685755154325,
        "max_error": 385.57359312880715
    }
}